{
  "obs_rmse_ml": 43.6672,
  "obs_rmse_dls": 65.0262,
  "obs_diff": -21.359,
  "ci_ml": [
    41.4456,
    45.7764
  ],
  "ci_dls": [
    62.15,
    67.9022
  ],
  "ci_diff": [
    -23.9416,
    -18.7213
  ],
  "n_boot": 5000,
  "n_matches": 542,
  "_rmse_ml_boot": "[44.68749925 43.61467702 42.0372147  ... 43.67422521 43.41523505\n 43.16534617]",
  "_rmse_dls_boot": "[63.86115616 63.61562157 64.08096456 ... 66.18256353 64.58813062\n 62.34369223]",
  "_diff_boot": "[-19.17365691 -20.00094455 -22.04374986 ... -22.50833832 -21.17289557\n -19.17834607]"
}